{
  "runs": [
    {
      "file": "run-1",
      "rps": 111.12130219676476,
      "p95_ms": 44.32681439999982,
      "p99_ms": 397.9856787699998,
      "failed_pct": 0,
      "reqs": 58327
    },
    {
      "file": "run-2",
      "rps": 115.4314641841802,
      "p95_ms": 17.1099085,
      "p99_ms": 45.684159600000186,
      "failed_pct": 0,
      "reqs": 60583
    },
    {
      "file": "run-3",
      "rps": 113.93155773180783,
      "p95_ms": 41.99436025,
      "p99_ms": 110.0881280500001,
      "failed_pct": 0,
      "reqs": 59633
    }
  ],
  "rps": {
    "mean": 113.49477470425093,
    "stddev": 2.188026199411603,
    "values": [
      111.12130219676476,
      115.4314641841802,
      113.93155773180783
    ]
  },
  "p95_ms": {
    "mean": 34.477027716666605,
    "stddev": 15.085513183345661,
    "values": [
      44.32681439999982,
      17.1099085,
      41.99436025
    ]
  },
  "p99_ms": {
    "mean": 184.5859888066667,
    "stddev": 187.59407918525088,
    "values": [
      397.9856787699998,
      45.684159600000186,
      110.0881280500001
    ]
  },
  "failed_pct": {
    "mean": 0,
    "stddev": 0.0,
    "values": [
      0,
      0,
      0
    ]
  }
}